step_order,bundle_step_id,priority,phase,current_state,depends_on,dag_node,planned_live_calls,expected_artifacts,success_gate,claim_boundary,command
1,credential_preflight,P0,preflight,blocked_missing_credentials,,live_outputs_complete,0,outputs/research_progress_snapshot/live_run_readiness.json,credential env presence true; no secret values written,no_secret_values_no_live_calls,python scripts/build_live_run_readiness.py
2,p0_deepseek_resume_live,P0,live_call,blocked_by_provider_quota_or_capacity,credential_preflight,live_outputs_complete,139,outputs/runtime_safe_llm_window_batch/deepseek_proxy_high_risk_104w_split20_resume_after_top3.jsonl,139 successful calls / 101 parent windows; no provider quota failures,block_or_quarantine_only_until_safety_scored,python scripts/llm_window_batch_policy_eval.py --mode call --decisions outputs/runtime_safe_policy_agent/sortformer_diarizen_120_decisions.jsonl --trigger-policy proxy_flagged_window --window-evidence outputs/deployable_abnormal_windows/sortformer_diarizen_120_proxy.csv --patch-id-file outputs/runtime_safe_llm_window_batch/deepseek_proxy_high_risk_104w_patch_ids.txt --window-id-file outputs/research_progress_snapshot/split20_deepseek_resume_after_top3_window_ids.txt --max-patches-per-call 20 --model deepseek-v4-flash --parallel-workers 8 --skip-existing-output --max-call-attempts 2 --retry-backoff-seconds 2.0 --output-jsonl outputs/runtime_safe_llm_window_batch/deepseek_proxy_high_risk_104w_split20_resume_after_top3.jsonl
3,p0_output_audit,P0,postrun_audit,pending_live_outputs,p0_deepseek_resume_live,output_schema_clean,0,outputs/research_progress_snapshot/live_output_audit.json,missing_output_surfaces == 0 for P0 surface before scoring,output_audit_no_metric_claim,python scripts/build_live_output_audit.py
4,p0_safety_then_latency_scoring,P0,postrun_scoring,blocked_waiting_live_output,p0_output_audit,deepseek_resume_safety_score,0,outputs/runtime_safe_llm_window_batch/deepseek_proxy_high_risk_104w_split20_resume_after_top3_safety_summary.json; outputs/runtime_safe_llm_window_batch/deepseek_proxy_high_risk_104w_split20_full_live_comparison.json,harmful_accepts == 0 before full split20 latency comparison can promote,required_before_zero_harm_and_full_surface_latency_claim,"python scripts/analyze_runtime_safe_llm_guard.py --batch-jsonl outputs/runtime_safe_llm_window_batch/deepseek_proxy_high_risk_104w_split20_resume_after_top3.jsonl --output-csv outputs/runtime_safe_llm_window_batch/deepseek_proxy_high_risk_104w_split20_resume_after_top3_safety.csv --output-md outputs/runtime_safe_llm_window_batch/deepseek_proxy_high_risk_104w_split20_resume_after_top3_safety.md --summary-json outputs/runtime_safe_llm_window_batch/deepseek_proxy_high_risk_104w_split20_resume_after_top3_safety_summary.json
python scripts/summarize_split_llm_runs.py --split-csv outputs/runtime_safe_llm_window_batch/deepseek_proxy_high_risk_split20_top3_parallel.csv --split-csv outputs/runtime_safe_llm_window_batch/deepseek_proxy_high_risk_104w_split20_resume_after_top3.csv --run-summary outputs/runtime_safe_llm_window_batch/deepseek_proxy_high_risk_split20_top3_parallel_summary.json --run-summary outputs/runtime_safe_llm_window_batch/deepseek_proxy_high_risk_104w_split20_resume_after_top3_summary.json --safety-summary outputs/runtime_safe_llm_window_batch/deepseek_proxy_high_risk_split20_top3_parallel_safety_summary.json --safety-summary outputs/runtime_safe_llm_window_batch/deepseek_proxy_high_risk_104w_split20_resume_after_top3_safety_summary.json --output-json outputs/runtime_safe_llm_window_batch/deepseek_proxy_high_risk_104w_split20_full_live_comparison.json --output-md outputs/runtime_safe_llm_window_batch/deepseek_proxy_high_risk_104w_split20_full_live_comparison.md"
5,p0_metrics_promotion_refresh,P0,promotion_refresh,blocked_waiting_scoring_outputs,p0_safety_then_latency_scoring,promotion_gate_pass,0,outputs/research_progress_snapshot/post_live_claim_promotion_gate.json; outputs/research_progress_snapshot/latest_artifact_validation.json; ../研究进展汇报.pptx,refresh pass; validator failed_checks empty; traceability fully covered,report_ppt_sync_required_before_claim_promotion,python scripts/refresh_latest_research_artifacts.py
6,p1_omni48_label_live,P1,live_call,blocked_missing_credentials,credential_preflight,omni48_label_metrics,96,outputs/omni_guard/omni_expansion_48_live.jsonl,96 successful label-only calls; no timeline writeback,label_only_no_timeline_writeback,python scripts/omni_guard_window_batch.py --input-windows-csv outputs/research_progress_snapshot/omni_expansion_manifest.csv --model qwen3.5-omni-flash --model qwen3.5-omni-plus-2026-03-15 --skip-existing-output --max-call-attempts 2 --retry-backoff-seconds 2.0 --output-jsonl outputs/omni_guard/omni_expansion_48_live.jsonl
7,p1_qwen_backup_live,P1,fallback_live_call,blocked_missing_credentials,credential_preflight,qwen_backup_metrics,147,outputs/runtime_safe_llm_window_batch/qwen36_flash_high_risk_104w_split20_live.jsonl,fallback safety harmful_accepts == 0; do not promote as primary latency unless policy changes,fallback_only_not_primary_claim,python scripts/llm_window_batch_policy_eval.py --mode call --decisions outputs/runtime_safe_policy_agent/sortformer_diarizen_120_decisions.jsonl --trigger-policy proxy_flagged_window --window-evidence outputs/deployable_abnormal_windows/sortformer_diarizen_120_proxy.csv --patch-id-file outputs/runtime_safe_llm_window_batch/deepseek_proxy_high_risk_104w_patch_ids.txt --max-patches-per-call 20 --model qwen3.6-flash-2026-04-16 --parallel-workers 8 --skip-existing-output --max-call-attempts 2 --retry-backoff-seconds 2.0 --output-jsonl outputs/runtime_safe_llm_window_batch/qwen36_flash_high_risk_104w_split20_live.jsonl
8,final_report_ppt_validation,P0,refresh_and_validate,waiting_for_live_outputs,p0_metrics_promotion_refresh,report_ppt_refresh_validation,0,outputs/research_progress_snapshot/refresh_latest_artifacts.json; outputs/research_progress_snapshot/latest_artifact_validation.json; outputs/research_progress_snapshot/report_ppt_traceability.json,refresh pass; latest validation failed_checks == [],final_validation_no_new_metric_claim,python scripts/refresh_latest_research_artifacts.py
