scorecard_id,priority,surface_id,acceptance_area,current_status,pass_condition,evidence_artifacts,claim_effect
current_claim_now_slo_preserve,P0,current_claim_now_surfaces,current_latency_slo,preserve_pass,claim_now_slo_pass == claim_now_slo_rows == 4 and failed_claim_rows is empty,outputs/research_progress_snapshot/stage_latency_slo_audit.json; outputs/research_progress_snapshot/latency_risk_margin_audit.json,preserve current report/PPT latency claims while post-live surfaces remain blocked
deepseek_resume_output_coverage,P0,deepseek_resume_after_top3,output_coverage,blocked_missing_output,"139 successful resume rows, 101 parent windows, zero parse errors, zero duplicate/extra/missing call ids",outputs/research_progress_snapshot/live_output_audit.json; outputs/research_progress_snapshot/split20_resume_export_audit.json,unblocks P0 DeepSeek safety and comparison scoring
deepseek_resume_output_schema,P0,deepseek_resume_after_top3,output_schema,blocked_missing_output,"LLM success JSONL fields include window_id, parent_window_id, window_decision, patch_decisions, call_seconds, total_tokens, call_attempts, max_call_attempts",outputs/research_progress_snapshot/live_output_schema_contract.json; outputs/research_progress_snapshot/live_metric_extraction_contract.json,prevents incomplete output rows from entering safety or latency scoring
deepseek_resume_safety_zero_harm,P0,deepseek_resume_after_top3,safety_scoring,blocked_waiting_live_output,"harmful_accepts == 0, missing_patch_eval == 0, parent_window_decision_override is true",outputs/research_progress_snapshot/live_scoring_readiness.json; outputs/research_progress_snapshot/live_metric_extraction_contract.json,enables DeepSeek split20 zero-harm safety claim after output coverage passes
deepseek_split20_latency_evidence,P0,deepseek_resume_after_top3,latency_scoring,blocked_waiting_live_output,"104 parent windows, 147 split calls, split comparison summary present, harmful_accepts == 0, traceability covered",outputs/research_progress_snapshot/live_metric_extraction_contract.json; outputs/research_progress_snapshot/post_live_claim_promotion_gate.json,can promote split20 from top3 smoke/planning into full-surface latency evidence
omni48_output_schema,P1,omni48_label_only,omni_output_schema,blocked_missing_output,"96 Omni rows, 48 windows, schema_ok true, call_id/model/risk/quarantine/latency/retry fields present",outputs/research_progress_snapshot/live_output_audit.json; outputs/research_progress_snapshot/live_output_schema_contract.json,unblocks Omni48 label-only scoring without timeline writeback
omni48_label_metrics,P1,omni48_label_only,omni_label_scoring,blocked_waiting_live_output,"high_positive_rate, clean_false_positive_rate, quarantines, defers, avg/P95/max call latency reported for both models",outputs/research_progress_snapshot/live_metric_extraction_contract.json; outputs/research_progress_snapshot/omni48_live_call_manifest.json,promotes Omni48 label-only metrics while preserving no timeline writeback
qwen_backup_fallback_boundary,P1,qwen_full_backup,fallback_boundary,fallback_only,full backup output and scoring can be reported only as fallback unless promotion gate changes primary boundary,outputs/research_progress_snapshot/live_metric_extraction_contract.json; outputs/research_progress_snapshot/post_live_claim_promotion_gate.json,keeps Qwen out of primary latency claim by default
report_ppt_promotion_sync,P0,report_ppt,traceability_sync,preserve_pass,traceability fully covered rows == traceability rows and latest_artifact_validation passes after any promotion,outputs/research_progress_snapshot/report_ppt_traceability.json; outputs/research_progress_snapshot/latest_artifact_validation.json,"ensures report and PPT show promoted, fallback-only, and blocked surfaces consistently"
