time_metric_id,priority,surface_id,current_state,statistic_family,expected_rows,source_artifacts,statistic_formula,promotion_gate,report_ppt_effect,claim_boundary
fast_first_output_latency_current,P0,runtime_120_windows,claim_now_preserve,stage_arrival_latency,0,outputs/research_progress_snapshot/runtime_latency_budget_ledger.md,avg_seconds=0.383; p95_seconds=0.445; SLO avg<=1s and p95<=1s,current_claim_now_slo,keep current first visible update timing claim,claim_now_latency_preserve
rule_writeback_latency_current,P0,runtime_120_windows,claim_now_preserve,stage_arrival_latency,0,outputs/research_progress_snapshot/runtime_latency_budget_ledger.md,avg_seconds=24.647; p95_seconds=28.334; SLO avg<=30s and p95<=35s,current_claim_now_slo,keep bounded rule-writeback timing claim,claim_now_latency_preserve
runtime_safe_guard_latency_current,P0,104_proxy_flagged_windows,claim_now_preserve_with_tight_margin_watch,stage_arrival_latency,0,outputs/research_progress_snapshot/runtime_latency_budget_ledger.md; outputs/research_progress_snapshot/latency_risk_margin_audit.md,avg_seconds=44.918; p95_seconds=63.849; margin_seconds=1.151,current_claim_now_slo_and_risk_watch,keep current guard timing claim but retain tight-margin warning,claim_now_latency_preserve_no_broader_claim
llm_review_signal_latency_current,P0,4_review_cases,claim_now_memory_protection_preserve,stage_arrival_latency,0,outputs/research_progress_snapshot/runtime_latency_budget_ledger.md,avg_seconds=46.097; p95_seconds=55.8; memory-protection only,current_claim_now_review_only,keep review timing as memory-protection evidence only,review_only_no_timeline_override
deepseek_resume_call_latency_stats,P0,deepseek_resume_after_top3,blocked_waiting_live_outputs,llm_call_latency,139,outputs/runtime_safe_llm_window_batch/deepseek_proxy_high_risk_104w_split20_resume_after_top3.jsonl; outputs/runtime_safe_llm_window_batch/deepseek_proxy_high_risk_104w_split20_resume_after_top3_summary.json,"from successful JSONL rows: count, avg(call_seconds), p50, p95, max, wall_seconds, retry_count",deepseek_split20_resume_latency,feed full-surface split20 latency only after safety and comparison summaries pass,not_claimable_until_resume_output_audit_scoring_and_traceability
deepseek_parent_completion_latency_stats,P0,deepseek_resume_after_top3,blocked_waiting_comparison_summary,parent_window_completion_latency,147,outputs/runtime_safe_llm_window_batch/deepseek_proxy_high_risk_104w_split20_full_live_comparison.json,from split comparison: original_max_call_seconds vs split_max_call_seconds; parent avg/max; token_multiplier,deepseek_split20_resume_latency,promote split20 latency only if 104 parents / 147 calls are covered and harmful_accepts == 0,required_before_full_surface_latency_claim
qwen_backup_latency_stats,P1,qwen_full_backup,fallback_only_waiting_credentials,fallback_llm_call_latency,147,outputs/runtime_safe_llm_window_batch/qwen36_flash_high_risk_104w_split20_live.jsonl,"fallback-only: count, avg(call_seconds), p95, max, wall_seconds, token_multiplier",qwen_full_backup_claim,"keep as fallback timing context, not primary latency claim",fallback_only_not_primary_latency_claim
omni48_label_latency_stats,P1,omni48_label_only,blocked_waiting_live_outputs,omni_label_call_latency,96,outputs/omni_guard/omni_expansion_48_live.jsonl,"label-only: avg(first_text_seconds if present), avg/p95/max(call_seconds), per-model split",omni48_label_metrics,report only as label latency and quality; never timeline writeback,label_only_latency_not_guard_or_timeline_claim
report_ppt_time_claim_refresh,P0,report_ppt,waiting_post_live_promotion,time_claim_traceability,0,outputs/research_progress_snapshot/post_live_latency_claim_matrix.md; outputs/research_progress_snapshot/report_ppt_traceability.md,after refresh: latest_artifact_validation pass; traceability fully covered; no missing source rows,report_ppt_traceability_after_promotion,"force report/PPT wording to match claim-now, promoted, fallback-only, and blocked time surfaces",report_ppt_sync_required_before_time_metric_claim_promotion
